<?xml version="1.0"?>
<!DOCTYPE hibernate-mapping PUBLIC "-//Hibernate/Hibernate Mapping DTD 3.0//EN"
"http://hibernate.sourceforge.net/hibernate-mapping-3.0.dtd">
<!-- Generated Apr 16, 2022, 10:11:51 PM by Hibernate Tools 3.5.0.Final -->
<hibernate-mapping>
    <joined-subclass name="com.naman.dao.UserLoginDao" extends="com.naman.dao.DAO" table="Goal" lazy="false">
        <key>
            <column name="ID" />
        </key>
        <property name="id" type="java.lang.Long">
            <column name="ID" />
        </property>
    </joined-subclass>
</hibernate-mapping>
