<?xml version="1.0"?>
<!DOCTYPE hibernate-mapping PUBLIC "-//Hibernate/Hibernate Mapping DTD 3.0//EN"
"http://hibernate.sourceforge.net/hibernate-mapping-3.0.dtd">
<!-- Generated Apr 21, 2022, 11:24:37 PM by Hibernate Tools 3.5.0.Final -->
<hibernate-mapping>
    <class name="com.dbms.pojo.Goal" table="GOAL">
        <id name="matchID" type="int">
            <column name="MATCHID" />
            <generator class="assigned" />
        </id>
        <property name="playerID" type="int">
            <column name="PLAYERID" />
        </property>
        <property name="time" type="java.lang.String">
            <column name="TIME" />
        </property>
    </class>
</hibernate-mapping>
