<?xml version="1.0" encoding="UTF-8"?>
<!DOCTYPE hibernate-configuration PUBLIC
		"-//Hibernate/Hibernate Configuration DTD 3.0//EN"
		"http://www.hibernate.org/dtd/hibernate-configuration-3.0.dtd">
<hibernate-configuration>
	<session-factory>
		<property name="connection.url">jdbc:sqlserver://localhost:1433;databaseName=EPL</property>
		<property name="connection.driver_class">com.microsoft.sqlserver.jdbc.SQLServerDriver</property>
		<property name="connection.username">sa</property>
		<property name="connection.password">MyPass@word</property>
		<property name="dialect">org.hibernate.dialect.SQLServerDialect</property>
		<mapping resource="Goal.hbm.xml"></mapping>
		<mapping resource="Player.hbm.xml"></mapping>
		
	</session-factory>
</hibernate-configuration>
