<?xml version="1.0"?>
<!DOCTYPE hibernate-mapping PUBLIC "-//Hibernate/Hibernate Mapping DTD 3.0//EN"
"http://hibernate.sourceforge.net/hibernate-mapping-3.0.dtd">
<!-- Generated Apr 22, 2022, 11:34:02 AM by Hibernate Tools 3.5.0.Final -->
<hibernate-mapping>
    <class name="com.dbms.pojo.Match" table="MATCH">
        <id name="VenueID" type="int">
            <column name="VENUEID" />
            <generator class="assigned" />
        </id>
        <property name="CommitteeID" type="int">
            <column name="COMMITTEEID" />
        </property>
        <property name="RefereeID" type="int">
            <column name="REFEREEID" />
        </property>
        <property name="TeamA" type="int">
            <column name="TEAMA" />
        </property>
        <property name="TeamB" type="int">
            <column name="TEAMB" />
        </property>
        <property name="TeamA_Score" type="int">
            <column name="TEAMA_SCORE" />
        </property>
        <property name="TeamB_Score" type="int">
            <column name="TEAMB_SCORE" />
        </property>
        <property name="Extra_Time" type="int">
            <column name="EXTRA_TIME" />
        </property>
        <property name="MatchDate" type="java.util.Date">
            <column name="MATCHDATE" />
        </property>
    </class>
</hibernate-mapping>
