<?xml version="1.0"?>
<!DOCTYPE hibernate-mapping PUBLIC "-//Hibernate/Hibernate Mapping DTD 3.0//EN"
"http://hibernate.sourceforge.net/hibernate-mapping-3.0.dtd">
<!-- Generated Apr 22, 2022, 6:43:46 PM by Hibernate Tools 3.5.0.Final -->
<hibernate-mapping>
    <class name="com.dbms.pojo.Player" table="PLAYER">
        <id name="PlayerID" type="int">
            <column name="PLAYERID" />
            <generator class="assigned" />
        </id>
        <property name="TeamID" type="int">
            <column name="TEAMID" />
        </property>
        <property name="PlayerName" type="java.lang.String">
            <column name="PLAYERNAME" />
        </property>
        <property name="Age" type="int">
            <column name="AGE" />
        </property>
        <property name="Nationality" type="java.lang.String">
            <column name="NATIONALITY" />
        </property>
        <property name="Position" type="java.lang.String">
            <column name="POSITION" />
        </property>
        <property name="Assists_overall" type="int">
            <column name="ASSISTS_OVERALL" />
        </property>
        <property name="Assists_home" type="int">
            <column name="ASSISTS_HOME" />
        </property>
        <property name="Assists_away" type="int">
            <column name="ASSISTS_AWAY" />
        </property>
        <property name="Penalty_goals" type="int">
            <column name="PENALTY_GOALS" />
        </property>
        <property name="Penalty_misses" type="int">
            <column name="PENALTY_MISSES" />
        </property>
        <property name="Yellow_cards_overall" type="int">
            <column name="YELLOW_CARDS_OVERALL" />
        </property>
        <property name="Red_cards_overall" type="int">
            <column name="RED_CARDS_OVERALL" />
        </property>
        <property name="Dominant_leg" type="java.lang.String">
            <column name="DOMINANT_LEG" />
        </property>
        <property name="Goals_overall" type="int">
            <column name="GOALS_OVERALL" />
        </property>
        <property name="Goals_home" type="int">
            <column name="GOALS_HOME" />
        </property>
        <property name="Goals_away" type="int">
            <column name="GOALS_AWAY" />
        </property>
    </class>
</hibernate-mapping>
