<?xml version="1.0"?>
<!DOCTYPE hibernate-mapping PUBLIC "-//Hibernate/Hibernate Mapping DTD 3.0//EN"
"http://hibernate.sourceforge.net/hibernate-mapping-3.0.dtd">
<!-- Generated Apr 22, 2022, 11:34:02 AM by Hibernate Tools 3.5.0.Final -->
<hibernate-mapping>
    <class name="com.dbms.pojo.Sponsorer" table="SPONSORER">
        <id name="Name" type="java.lang.String">
            <column name="NAME" />
            <generator class="assigned" />
        </id>
        <property name="BrandName" type="java.lang.String">
            <column name="BRANDNAME" />
        </property>
        <property name="ExpiryDate" type="java.util.Date">
            <column name="EXPIRYDATE" />
        </property>
    </class>
</hibernate-mapping>
