<?xml version="1.0"?>
<!DOCTYPE hibernate-mapping PUBLIC "-//Hibernate/Hibernate Mapping DTD 3.0//EN"
"http://hibernate.sourceforge.net/hibernate-mapping-3.0.dtd">
<!-- Generated Apr 22, 2022, 11:34:02 AM by Hibernate Tools 3.5.0.Final -->
<hibernate-mapping>
    <class name="com.dbms.pojo.Team" table="TEAM">
        <id name="VenueID" type="int">
            <column name="VENUEID" />
            <generator class="assigned" />
        </id>
        <property name="Name" type="int">
            <column name="NAME" />
        </property>
        <property name="Rank" type="int">
            <column name="RANK" />
        </property>
        <property name="City" type="java.lang.String">
            <column name="CITY" />
        </property>
        <property name="Address" type="java.lang.String">
            <column name="ADDRESS" />
        </property>
        <property name="Contact" type="int">
            <column name="CONTACT" />
        </property>
    </class>
</hibernate-mapping>
